filename,width,height,class,xmin,ymin,xmax,ymax
Screen Shot 2022-03-17 at 17.47.33.png,2560,1600,['non_flooded'],['528.36'],['645.54'],['1691.74'],['1187.89']
Screen Shot 2022-03-17 at 17.47.34.png,2560,1600,['non_flooded'],['598.61'],['623.06'],['1680.50'],['1120.45']
Screen Shot 2022-03-17 at 17.47.36.png,2560,1600,['non_flooded'],['719.44'],['682.07'],['1846.29'],['1151.36']
Screen Shot 2022-03-17 at 17.47.38.png,2560,1600,"['non_flooded', 'non_flooded']","['820.89', '2034.57']","['674.76', '628.68']","['1883.11', '2453.28']","['1169.34', '853.49']"
Screen Shot 2022-03-17 at 17.48.12.png,2560,1600,"['non_flooded', 'non_flooded', 'non_flooded']","['623.90', '297.93', '1368.58']","['783.23', '943.41', '856.30']","['994.83', '713.82', '1717.03']","['1154.17', '1232.85', '1047.38']"
Screen Shot 2022-03-17 at 17.48.17.png,2560,1600,"['non_flooded', 'non_flooded', 'non_flooded', 'non_flooded', 'non_flooded', 'non_flooded', 'non_flooded', 'non_flooded', 'non_flooded', 'non_flooded', 'non_flooded']","['741.93', '961.11', '1090.38', '803.75', '483.40', '466.54', '137.75', '132.13', '1169.06', '918.96', '1247.74']","['825.39', '842.25', '1030.52', '1033.33', '993.99', '864.73', '839.44', '957.46', '651.16', '651.16', '729.84']","['986.40', '1261.79', '1458.50', '1079.14', '772.84', '772.84', '354.13', '466.54', '1332.05', '1084.76', '1436.02']","['1050.19', '1072.67', '1353.68', '1314.34', '1260.95', '1033.33', '951.84', '1255.33', '777.61', '760.75', '881.59']"
Screen Shot 2022-03-17 at 17.48.40.png,2560,1600,"['non_flooded', 'non_flooded', 'non_flooded', 'non_flooded', 'non_flooded', 'non_flooded', 'non_flooded', 'non_flooded', 'non_flooded', 'non_flooded']","['1323.62', '1590.58', '1899.69', '2093.58', '741.93', '519.93', '525.55', '199.58', '1169.06', '1410.73']","['988.37', '943.41', '940.60', '864.73', '845.06', '937.79', '1061.43', '1075.48', '729.84', '710.17']","['1660.83', '1924.98', '2141.35', '2557.25', '1093.19', '969.54', '941.44', '531.17', '1340.48', '1565.28']","['1317.15', '1289.05', '1258.14', '1207.56', '1019.28', '1095.15', '1364.92', '1364.92', '904.07', '875.97']"
Screen Shot 2022-03-17 at 17.48.43.png,2560,1600,"['non_flooded', 'non_flooded', 'non_flooded', 'non_flooded', 'non_flooded', 'non_flooded', 'non_flooded', 'non_flooded', 'non_flooded', 'non_flooded', 'non_flooded', 'non_flooded', 'non_flooded', 'non_flooded', 'non_flooded', 'non_flooded', 'non_flooded', 'non_flooded', 'non_flooded', 'non_flooded', 'non_flooded', 'non_flooded', 'non_flooded', 'non_flooded', 'non_flooded', 'non_flooded']","['1145.90', '964.93', '689.72', '419.53', '523.84', '65.78', '364.87', '961.79', '1089.97', '1391.58', '1588.88', '1787.43', '1847.76', '1983.48', '2247.38', '1847.76', '1666.79', '2006.10', '2120.46', '57.82', '570.59', '695.89', '562.56', '1440.42', '1290.67', '1446.71']","['914.04', '959.28', '1023.37', '1117.62', '915.29', '831.10', '788.37', '685.32', '787.11', '650.13', '647.62', '652.65', '689.09', '736.84', '792.14', '1079.92', '1226.95', '1022.11', '956.77', '1232.54', '848.42', '535.39', '507.11', '865.91', '838.68', '798.88']","['1486.46', '1252.71', '1090.60', '868.17', '923.46', '363.61', '674.01', '1293.56', '1400.38', '1606.47', '1786.18', '1967.14', '2081.50', '2268.75', '2541.45', '2360.48', '2223.50', '2516.31', '2551.50', '589.41', '938.17', '811.04', '640.33', '1633.11', '1481.26', '1750.40']","['1138.98', '1239.52', '1322.46', '1433.05', '1132.70', '1019.60', '1007.03', '849.95', '942.94', '785.86', '807.22', '798.42', '846.18', '925.35', '1005.78', '1415.46', '1515.99', '1328.74', '1186.74', '1519.19', '1009.69', '597.00', '543.47', '1063.83', '961.21', '1014.61']"
Screen Shot 2022-03-17 at 17.48.51.png,2560,1600,"['non_flooded', 'non_flooded']","['850.00', '628.50']","['982.38', '987.59']","['1446.74', '1097.56']","['1422.77', '1300.29']"
Screen Shot 2022-03-17 at 17.48.54.png,2560,1600,"['non_flooded', 'non_flooded', 'non_flooded', 'non_flooded', 'non_flooded', 'non_flooded', 'non_flooded', 'non_flooded', 'non_flooded', 'non_flooded', 'non_flooded', 'non_flooded', 'non_flooded', 'non_flooded', 'non_flooded', 'non_flooded', 'non_flooded', 'non_flooded', 'non_flooded', 'non_flooded', 'non_flooded']","['931.38', '719.00', '448.81', '169.83', '0.18', '71.81', '280.42', '367.13', '436.25', '184.91', '962.80', '893.68', '778.06', '1508.20', '1702.99', '1641.41', '1905.31', '860.42', '404.06', '0.00', '1684.75']","['849.44', '828.10', '877.09', '894.68', '893.43', '687.33', '692.36', '736.34', '787.87', '804.20', '672.25', '718.75', '775.30', '698.64', '1034.18', '916.05', '1190.01', '1123.09', '1145.50', '1164.70', '701.15']","['1216.65', '936.41', '746.65', '472.69', '277.90', '238.95', '530.50', '636.06', '702.66', '496.57', '1246.81', '1163.87', '1098.52', '1773.36', '2332.58', '2117.69', '2560.00', '1238.27', '861.35', '452.93', '1936.60']","['1058.05', '1100.78', '1102.04', '1127.17', '1132.20', '833.11', '811.74', '821.80', '907.25', '958.78', '840.65', '845.67', '900.97', '840.65', '1337.04', '1095.75', '1494.12', '1516.58', '1519.90', '1525.13', '854.10']"
Screen Shot 2022-03-17 at 17.49.28.png,2560,1600,"['non_flooded', 'non_flooded', 'non_flooded', 'non_flooded', 'non_flooded', 'non_flooded']","['1779.77', '2126.61', '1683.00', '590.94', '702.79', '706.56']","['805.59', '718.87', '589.44', '963.93', '765.37', '617.08']","['2276.16', '2560.00', '2158.03', '1349.98', '1255.73', '1274.58']","['1220.29', '1205.21', '809.36', '1314.54', '1014.20', '887.27']"
Screen Shot 2022-03-17 at 17.49.30.png,2560,1600,"['non_flooded', 'non_flooded', 'non_flooded', 'non_flooded', 'non_flooded']","['1766.67', '2169.32', '596.45', '208.89', '836.22']","['782.24', '789.78', '806.37', '1037.09', '513.81']","['2237.18', '2543.31', '1288.63', '1077.51', '1338.40']","['1272.34', '1301.00', '1199.96', '1522.68', '788.27']"
Screen Shot 2022-03-17 at 17.49.35.png,2560,1600,"['non_flooded', 'non_flooded', 'non_flooded', 'non_flooded', 'non_flooded', 'non_flooded', 'non_flooded']","['1746.62', '2067.83', '534.17', '776.96', '973.00', '1016.73', '1150.95']","['768.21', '775.75', '985.37', '759.16', '594.79', '421.37', '311.28']","['2094.97', '2389.03', '1144.92', '1318.34', '1359.06', '1405.80', '1515.89']","['1214.59', '1329.20', '1478.49', '1109.03', '848.14', '718.45', '523.91']"
Screen Shot 2022-03-17 at 17.49.47.png,2560,1600,"['non_flooded', 'non_flooded', 'non_flooded', 'non_flooded', 'non_flooded', 'non_flooded', 'non_flooded', 'non_flooded', 'non_flooded']","['1709.52', '2050.08', '1798.74', '1847.76', '999.49', '843.66', '612.43', '1022.11', '1146.52']","['918.06', '962.04', '666.72', '587.55', '748.41', '931.88', '1158.09', '588.81', '466.91']","['2075.22', '2351.69', '2213.45', '2146.85', '1353.88', '1311.15', '1164.12', '1389.07', '1503.42']","['1367.95', '1405.65', '943.19', '752.18', '1018.59', '1252.34', '1523.78', '853.97', '652.90']"
Screen Shot 2022-03-17 at 17.49.58.png,2560,1600,"['non_flooded', 'non_flooded']","['706.68', '631.11']","['489.87', '867.72']","['1352.93', '1274.76']","['1029.28', '1461.86']"
Screen Shot 2022-03-17 at 17.50.01.png,2560,1600,"['non_flooded', 'non_flooded']","['360.10', '790.07']","['505.50', '226.68']","['1436.32', '1488.44']","['1328.96', '690.52']"
Screen Shot 2022-03-17 at 17.50.34.png,2560,1600,"['non_flooded', 'non_flooded', 'non_flooded']","['284.53', '980.29', '1623.94']","['455.99', '469.02', '510.72']","['954.23', '1621.34', '2431.76']","['1138.73', '1180.42', '1240.36']"
Screen Shot 2022-03-17 at 17.51.01.png,2560,1600,"['non_flooded', 'non_flooded', 'non_flooded']","['706.68', '1141.86', '1660.42']","['513.32', '317.88', '195.41']","['1449.35', '1941.86', '2199.84']","['1266.42', '893.78', '716.58']"
Screen Shot 2022-03-17 at 17.51.57.png,2560,1600,"['non_flooded', 'non_flooded', 'non_flooded', 'non_flooded', 'non_flooded', 'non_flooded', 'non_flooded', 'non_flooded', 'non_flooded', 'non_flooded', 'non_flooded', 'non_flooded', 'non_flooded', 'non_flooded', 'non_flooded', 'non_flooded', 'non_flooded', 'non_flooded', 'non_flooded', 'non_flooded', 'non_flooded', 'non_flooded', 'non_flooded', 'non_flooded', 'non_flooded', 'non_flooded', 'non_flooded', 'non_flooded', 'non_flooded', 'non_flooded', 'non_flooded', 'non_flooded', 'non_flooded', 'non_flooded', 'non_flooded', 'non_flooded', 'non_flooded', 'non_flooded', 'non_flooded', 'non_flooded', 'non_flooded', 'non_flooded', 'non_flooded', 'non_flooded', 'non_flooded', 'non_flooded', 'non_flooded', 'non_flooded', 'non_flooded', 'non_flooded', 'non_flooded', 'non_flooded', 'non_flooded', 'non_flooded', 'non_flooded', 'non_flooded', 'non_flooded', 'non_flooded', 'non_flooded', 'non_flooded', 'non_flooded', 'non_flooded', 'non_flooded', 'non_flooded', 'non_flooded', 'non_flooded', 'non_flooded', 'non_flooded', 'non_flooded', 'non_flooded', 'non_flooded', 'non_flooded', 'non_flooded', 'non_flooded', 'non_flooded', 'non_flooded', 'non_flooded', 'non_flooded', 'non_flooded', 'non_flooded', 'non_flooded', 'non_flooded', 'non_flooded', 'non_flooded', 'non_flooded', 'non_flooded', 'non_flooded', 'non_flooded', 'non_flooded', 'non_flooded', 'non_flooded', 'non_flooded', 'non_flooded', 'non_flooded', 'non_flooded', 'non_flooded', 'non_flooded', 'non_flooded', 'non_flooded', 'non_flooded', 'non_flooded', 'non_flooded', 'non_flooded', 'non_flooded', 'non_flooded', 'non_flooded', 'non_flooded', 'non_flooded', 'non_flooded']","['697.76', '823.43', '885.01', '954.13', '1039.58', '1091.10', '1153.94', '1278.35', '1370.09', '1434.18', '1490.73', '1530.94', '1600.06', '1656.61', '1706.88', '1757.15', '1818.73', '1880.30', '1960.73', '2032.36', '2131.64', '2180.65', '2293.75', '1969.53', '1847.63', '1753.38', '1685.52', '1656.61', '1590.01', '1489.47', '1420.36', '547.65', '454.45', '499.48', '511.00', '557.08', '588.49', '595.82', '693.22', '743.48', '689.03', '784.33', '839.83', '291.08', '286.89', '298.41', '241.86', '250.24', '230.34', '238.72', '168.55', '167.50', '166.46', '1391.52', '1355.88', '1266.43', '1227.88', '1176.25', '920.99', '966.08', '1004.62', '1091.16', '1116.62', '1136.98', '1220.61', '1262.06', '1306.43', '11.69', '79.76', '178.38', '256.05', '330.23', '398.30', '474.22', '552.77', '600.76', '680.18', '763.09', '808.47', '879.15', '935.88', '1005.70', '1071.15', '1120.02', '1179.36', '1363.13', '1399.32', '1608.03', '1852.39', '1893.40', '1976.31', '2035.65', '2101.98', '2139.51', '2246.85', '2345.46', '2119.47', '2377.64', '89.24', '163.48', '231.16', '309.94', '8.44', '367.52', '431.65', '511.95', '577.10', '636.70', '702.86']","['502.72', '507.75', '478.85', '423.55', '421.04', '400.93', '380.83', '355.69', '365.75', '448.69', '491.41', '505.24', '575.61', '612.06', '628.39', '686.20', '756.58', '805.59', '854.60', '922.46', '987.81', '1073.26', '1119.76', '1367.36', '1245.43', '1159.97', '1069.49', '1012.94', '942.56', '889.78', '828.21', '568.07', '654.99', '742.96', '803.70', '850.83', '915.76', '961.83', '1028.86', '1113.68', '1162.90', '1269.72', '1344.08', '1280.19', '1218.41', '1153.48', '1088.55', '1006.87', '931.46', '878.05', '808.94', '716.78', '645.57', '739.25', '722.52', '671.61', '614.16', '573.43', '655.61', '723.97', '749.43', '838.88', '886.15', '930.51', '1009.05', '1074.51', '1163.96', '357.11', '322.20', '301.25', '266.35', '260.24', '236.67', '226.20', '215.73', '193.91', '186.06', '165.11', '135.44', '128.46', '119.73', '99.66', '101.41', '86.57', '75.22', '1262.39', '1351.36', '241.21', '526.58', '566.73', '586.80', '636.54', '680.18', '725.56', '760.47', '821.56', '471.55', '172.74', '206.81', '188.63', '177.02', '156.82', '234.09', '147.22', '111.87', '111.87', '98.23', '94.19', '81.06']","['861.13', '921.45', '989.31', '1065.97', '1125.04', '1204.21', '1268.30', '1356.27', '1489.47', '1562.36', '1603.83', '1674.21', '1733.27', '1779.77', '1870.25', '1910.46', '1973.30', '2037.40', '2114.05', '2185.70', '2279.93', '2349.05', '2488.54', '2129.13', '2038.65', '1951.93', '1867.74', '1770.97', '1714.42', '1615.14', '1596.29', '738.25', '687.98', '716.26', '731.97', '759.19', '806.32', '851.35', '910.00', '922.56', '955.03', '1049.28', '1080.70', '544.51', '469.11', '461.78', '456.54', '390.57', '406.27', '347.63', '361.24', '308.88', '318.31', '1525.33', '1449.70', '1422.06', '1362.43', '1315.15', '1109.34', '1094.07', '1199.50', '1204.60', '1224.98', '1342.80', '1352.20', '1431.51', '1471.51', '112.93', '204.56', '278.74', '358.15', '442.81', '492.50', '578.95', '650.51', '704.61', '791.01', '839.01', '904.46', '958.57', '1035.37', '1083.37', '1139.22', '1196.82', '1260.52', '1551.63', '1658.70', '1773.84', '1937.91', '2031.29', '2104.60', '2154.34', '2240.74', '2307.06', '2393.46', '2487.71', '2315.87', '2468.55', '192.77', '261.46', '333.17', '412.97', '111.97', '492.76', '527.11', '588.72', '656.90', '718.00', '789.22']","['667.35', '632.16', '603.26', '571.84', '552.99', '534.14', '525.35', '522.83', '521.57', '526.60', '585.67', '618.34', '674.89', '716.36', '762.86', '825.69', '869.68', '958.90', '1007.91', '1049.38', '1157.50', '1226.58', '1303.23', '1492.99', '1431.42', '1367.32', '1271.82', '1156.20', '1082.06', '1035.56', '975.24', '674.89', '760.76', '827.79', '887.50', '941.90', '1003.72', '1089.60', '1126.25', '1195.37', '1343.03', '1413.19', '1483.36', '1525.25', '1399.58', '1299.04', '1233.07', '1124.16', '1067.60', '978.59', '935.65', '888.53', '769.14', '907.24', '826.52', '819.24', '734.16', '700.70', '790.88', '840.33', '910.88', '941.39', '999.60', '1083.96', '1189.41', '1236.68', '1358.14', '485.39', '448.74', '444.38', '423.43', '405.98', '396.38', '358.85', '324.82', '298.64', '296.02', '266.35', '261.11', '232.31', '235.80', '198.28', '209.62', '192.17', '176.46', '1464.47', '1536.85', '376.48', '625.20', '675.82', '722.94', '777.05', '841.63', '893.99', '950.72', '1024.90', '583.64', '268.50', '317.42', '284.59', '267.92', '278.02', '323.48', '253.78', '231.56', '220.95', '184.59', '191.20', '168.94']"
Screen Shot 2022-03-17 at 17.53.40.png,2560,1600,[],[],[],[],[]
Screen Shot 2022-03-17 at 17.53.41.png,2560,1600,[],[],[],[],[]
Screen Shot 2022-03-18 at 10.48.41.png,2560,1600,"['non_flooded', 'non_flooded', 'non_flooded', 'non_flooded', 'non_flooded', 'non_flooded', 'non_flooded', 'non_flooded', 'non_flooded', 'non_flooded', 'non_flooded', 'non_flooded', 'non_flooded', 'non_flooded', 'non_flooded']","['1287.79', '263.68', '503.42', '1061.07', '1571.85', '1913.19', '240.43', '528.42', '750.23', '814.95', '1052.04', '1304.39', '2142.81', '2328.16', '2023.12']","['549.80', '578.47', '231.89', '208.44', '190.20', '317.88', '187.70', '122.98', '189.16', '121.52', '111.34', '114.25', '225.10', '195.80', '166.01']","['2186.81', '949.02', '907.33', '1392.02', '1973.13', '2361.40', '541.51', '719.68', '1004.76', '1008.40', '1260.76', '1526.93', '2336.24', '2532.70', '2253.41']","['1274.23', '1261.21', '599.32', '489.87', '495.08', '747.85', '376.79', '283.70', '364.42', '290.97', '249.52', '276.43', '352.36', '353.88', '327.62']"
Screen Shot 2022-03-18 at 10.48.45.png,2560,1600,"['non_flooded', 'non_flooded', 'non_flooded', 'non_flooded', 'non_flooded', 'non_flooded', 'non_flooded', 'non_flooded', 'non_flooded', 'non_flooded', 'non_flooded', 'non_flooded']","['287.13', '1274.76', '1914.61', '1580.02', '1052.21', '492.99', '746.42', '536.97', '223.41', '5.15', '2118.23', '2362.75']","['536.78', '586.29', '293.49', '149.91', '159.34', '219.03', '121.63', '75.56', '114.76', '204.65', '143.13', '106.51']","['935.99', '2176.38', '2335.60', '1947.60', '1385.23', '880.46', '966.34', '720.20', '531.47', '242.61', '2394.74', '2540.36']","['1261.21', '1276.84', '670.49', '445.23', '440.00', '526.92', '279.77', '221.00', '311.99', '517.07', '315.26', '255.50']"
Screen Shot 2022-03-18 at 10.48.51.png,2560,1600,"['non_flooded', 'non_flooded', 'non_flooded', 'non_flooded', 'non_flooded', 'non_flooded', 'non_flooded', 'non_flooded', 'non_flooded', 'non_flooded', 'non_flooded', 'non_flooded', 'non_flooded']","['899.51', '1694.30', '0.00', '534.69', '662.38', '986.90', '1108.71', '1286.28', '1566.88', '1573.55', '1928.69', '2163.22', '307.73']","['307.46', '328.31', '406.48', '224.07', '91.17', '118.08', '225.95', '102.93', '101.11', '201.11', '204.14', '157.47', '140.49']","['1394.63', '2257.17', '550.33', '823.94', '909.93', '1281.43', '1365.67', '1535.36', '1840.81', '1866.26', '2217.16', '2432.31', '546.50']","['797.36', '758.27', '953.71', '471.63', '299.64', '290.19', '410.19', '274.44', '279.29', '391.40', '415.64', '327.16', '307.00']"
Screen Shot 2022-03-18 at 10.48.57.png,2560,1600,"['non_flooded', 'non_flooded']","['730.13', '1894.95']","['91.17', '127.65']","['1488.44', '2560.00']","['620.16', '833.84']"
Screen Shot 2022-03-18 at 10.49.08.png,2560,1600,['non_flooded'],['237.62'],['237.10'],['1175.73'],['836.45']
Screen Shot 2022-03-18 at 10.49.28.png,2560,1600,"['non_flooded', 'non_flooded', 'non_flooded', 'non_flooded', 'non_flooded', 'non_flooded', 'non_flooded', 'non_flooded', 'non_flooded', 'non_flooded', 'non_flooded']","['855.21', '1491.04', '1952.28', '360.10', '0.00', '279.33', '704.07', '1094.95', '1467.59', '1829.80', '2186.81']","['422.12', '375.21', '338.73', '927.65', '515.93', '177.17', '174.56', '122.44', '177.17', '143.29', '198.01']","['1233.06', '1926.22', '2327.52', '1274.76', '430.46', '602.44', '1068.89', '1420.68', '1858.47', '2121.66', '2486.48']","['695.73', '695.73', '643.62', '1493.13', '852.08', '510.72', '448.18', '403.88', '409.09', '383.03', '440.36']"
Screen Shot 2022-03-18 at 10.49.30.png,2560,1600,"['non_flooded', 'non_flooded', 'non_flooded', 'non_flooded', 'non_flooded', 'non_flooded', 'non_flooded', 'non_flooded', 'non_flooded', 'non_flooded', 'non_flooded']","['797.88', '331.43', '0.00', '313.19', '719.71', '1100.16', '1418.08', '1785.50', '2134.69', '1884.53', '1441.53']","['536.78', '1008.44', '596.71', '338.73', '304.85', '268.37', '208.44', '237.10', '291.82', '469.02', '502.90']","['1277.36', '1235.67', '427.85', '605.05', '1100.16', '1446.74', '1808.96', '2124.27', '2496.91', '2361.40', '1884.53']","['867.72', '1516.58', '990.20', '622.77', '581.10', '578.47', '560.23', '528.96', '562.83', '742.64', '727.00']"
Screen Shot 2022-03-18 at 10.50.16.png,2560,1600,"['non_flooded', 'non_flooded', 'non_flooded', 'non_flooded', 'non_flooded', 'non_flooded', 'non_flooded', 'non_flooded', 'non_flooded', 'non_flooded', 'non_flooded', 'non_flooded', 'non_flooded', 'non_flooded', 'non_flooded', 'non_flooded', 'non_flooded', 'non_flooded', 'non_flooded', 'non_flooded', 'non_flooded', 'non_flooded', 'non_flooded', 'non_flooded']","['627.66', '1051.79', '1414.14', '1767.06', '2137.78', '2265.54', '1984.88', '1630.91', '1269.62', '1032.94', '746.00', '803.60', '954.40', '1385.86', '1659.19', '1893.77', '2161.86', '2454.04', '279.32', '322.13', '136.08', '478.49', '620.91', '511.82']","['661.59', '659.50', '628.08', '618.65', '617.61', '474.14', '489.84', '510.79', '487.75', '490.89', '508.69', '402.92', '377.79', '367.32', '383.03', '388.26', '401.88', '313.91', '633.19', '440.07', '468.55', '417.64', '440.67', '501.28']","['1025.61', '1356.54', '1776.48', '2131.49', '2502.22', '2520.02', '2203.75', '1906.34', '1517.81', '1227.73', '944.97', '960.68', '1085.30', '1575.41', '1842.46', '2081.23', '2305.34', '2551.44', '672.80', '491.22', '360.31', '610.00', '789.39', '729.39']","['946.44', '919.21', '910.80', '893.03', '877.32', '616.56', '629.13', '642.74', '636.46', '647.98', '665.78', '516.02', '489.84', '486.70', '506.60', '521.26', '520.21', '373.60', '932.87', '552.19', '590.37', '491.58', '537.64', '657.03']"
Screen Shot 2022-03-18 at 10.50.20.png,2560,1600,"['non_flooded', 'non_flooded', 'non_flooded', 'non_flooded', 'non_flooded', 'non_flooded', 'non_flooded', 'non_flooded', 'non_flooded', 'non_flooded', 'non_flooded', 'non_flooded', 'non_flooded', 'non_flooded', 'non_flooded', 'non_flooded', 'non_flooded', 'non_flooded', 'non_flooded', 'non_flooded', 'non_flooded', 'non_flooded', 'non_flooded', 'non_flooded', 'non_flooded', 'non_flooded', 'non_flooded']","['951.63', '1412.87', '1868.89', '1676.06', '2069.54', '1282.57', '954.23', '644.14', '391.37', '446.09', '78.66', '201.36', '389.23', '530.14', '734.17', '914.47', '1072.04', '1408.39', '1559.39', '1708.88', '1948.27', '2239.17', '45.25', '2180.84', '1966.20', '2105.59', '2356.09']","['784.33', '763.49', '763.49', '575.86', '568.05', '562.83', '573.26', '599.32', '575.86', '771.30', '789.54', '477.41', '432.46', '494.08', '453.17', '424.38', '411.25', '421.86', '365.80', '448.12', '429.43', '451.15', '491.65', '367.92', '351.76', '356.30', '334.08']","['1394.63', '1845.44', '2337.95', '1905.37', '2306.68', '1610.91', '1256.51', '881.27', '644.14', '907.33', '479.97', '394.28', '561.45', '713.97', '962.44', '1091.23', '1230.62', '1615.96', '1734.14', '1908.88', '2157.86', '2409.37', '249.79', '2287.91', '2059.13', '2186.90', '2462.14']","['1164.79', '1151.76', '1112.67', '755.67', '747.85', '797.36', '773.91', '768.70', '758.27', '1154.36', '1136.12', '590.54', '547.61', '597.61', '558.22', '532.46', '494.58', '550.14', '483.47', '583.47', '569.83', '579.93', '654.78', '443.17', '427.01', '426.00', '401.76']"
Screen Shot 2022-03-18 at 10.50.24.png,2560,1600,"['non_flooded', 'non_flooded', 'non_flooded', 'non_flooded', 'non_flooded', 'non_flooded', 'non_flooded', 'non_flooded', 'non_flooded', 'non_flooded', 'non_flooded', 'non_flooded', 'non_flooded', 'non_flooded', 'non_flooded', 'non_flooded', 'non_flooded', 'non_flooded', 'non_flooded', 'non_flooded', 'non_flooded', 'non_flooded', 'non_flooded', 'non_flooded', 'non_flooded', 'non_flooded']","['1346.80', '1630.60', '1873.56', '2105.00', '1615.10', '1387.33', '1468.14', '1223.19', '1133.80', '978.76', '712.10', '724.73', '280.80', '934.88', '489.70', '382.94', '546.80', '817.00', '1174.56', '972.55', '1389.70', '1425.06', '1921.50', '1805.85', '1728.58', '2307.85']","['818.26', '752.28', '688.40', '581.58', '544.38', '557.51', '447.92', '483.77', '630.23', '485.79', '518.12', '684.27', '727.71', '850.01', '942.30', '497.13', '443.72', '436.15', '384.64', '374.03', '407.36', '331.10', '443.22', '424.03', '403.83', '300.30']","['1733.23', '1958.39', '2224.38', '2385.66', '1790.35', '1632.27', '1629.75', '1407.53', '1351.98', '1191.88', '939.87', '981.28', '591.90', '1432.53', '1097.74', '609.15', '778.61', '1015.47', '1260.41', '1079.11', '1522.02', '1516.47', '2055.80', '1936.20', '1828.10', '2369.97']","['1091.59', '1001.52', '966.97', '773.23', '672.15', '747.40', '557.00', '595.39', '798.41', '609.53', '666.60', '847.40', '935.27', '1217.36', '1371.18', '661.81', '549.28', '561.40', '451.81', '436.15', '512.91', '395.75', '560.39', '538.17', '502.81', '363.42']"
Screen Shot 2022-03-18 at 10.50.30.png,2560,1600,"['non_flooded', 'non_flooded', 'non_flooded', 'non_flooded', 'non_flooded', 'non_flooded', 'non_flooded', 'non_flooded', 'non_flooded', 'non_flooded', 'non_flooded', 'non_flooded', 'non_flooded', 'non_flooded', 'non_flooded', 'non_flooded', 'non_flooded', 'non_flooded', 'non_flooded', 'non_flooded', 'non_flooded', 'non_flooded', 'non_flooded', 'non_flooded', 'non_flooded', 'non_flooded']","['668.83', '1118.22', '1446.97', '1735.01', '1784.02', '2049.53', '2191.34', '2342.25', '480.98', '903.23', '801.44', '526.22', '1080.42', '1222.43', '1420.98', '1331.68', '1681.97', '0.00', '122.68', '375.07', '850.89', '984.30', '1055.05', '1159.80', '1321.41', '1943.37']","['1056.55', '984.16', '895.19', '816.77', '515.28', '466.19', '339.53', '390.43', '828.08', '746.40', '575.49', '633.29', '567.95', '665.97', '624.50', '509.28', '488.67', '839.05', '633.00', '517.81', '402.42', '404.53', '426.41', '404.95', '366.23', '374.94']","['1167.99', '1526.90', '1771.20', '2029.07', '1934.99', '2256.80', '2291.95', '2463.46', '785.10', '1202.32', '1020.10', '772.53', '1245.05', '1476.28', '1693.60', '1482.58', '1871.66', '380.98', '387.63', '575.09', '952.74', '1067.21', '1146.34', '1244.82', '1399.32', '2043.87']","['1483.32', '1318.94', '1196.79', '1128.93', '624.97', '600.12', '424.98', '488.01', '1044.20', '955.01', '723.78', '801.70', '698.64', '854.47', '781.60', '612.91', '594.73', '1258.60', '796.37', '644.52', '478.18', '472.71', '499.22', '476.49', '435.25', '464.84']"
Screen Shot 2022-03-18 at 10.50.34.png,2560,1600,"['non_flooded', 'non_flooded', 'non_flooded', 'non_flooded', 'non_flooded', 'non_flooded', 'non_flooded', 'non_flooded', 'non_flooded', 'non_flooded', 'non_flooded', 'non_flooded', 'non_flooded', 'non_flooded', 'non_flooded', 'non_flooded', 'non_flooded']","['584.20', '967.26', '1259.12', '1269.54', '844.79', '1566.61', '1808.96', '1756.84', '1625.86', '1487.98', '1886.96', '16.12', '60.42', '427.85', '758.79', '1097.56', '1343.55']","['565.44', '455.99', '375.21', '716.58', '943.29', '648.83', '419.51', '276.19', '213.99', '166.46', '139.24', '747.85', '411.69', '304.85', '317.88', '190.20', '118.87']","['925.57', '1290.39', '1464.98', '1673.45', '1517.10', '1967.92', '2194.63', '2064.33', '1799.59', '1661.71', '2110.20', '427.85', '425.24', '711.89', '1021.99', '1274.76', '1462.34']","['852.08', '693.13', '596.71', '1164.79', '1412.35', '953.71', '625.37', '500.29', '337.67', '295.80', '278.58', '1047.52', '664.46', '510.72', '489.87', '341.34', '206.74']"
Screen Shot 2022-03-18 at 10.50.36.png,2560,1600,"['non_flooded', 'non_flooded', 'non_flooded', 'non_flooded', 'non_flooded', 'non_flooded', 'non_flooded', 'non_flooded', 'non_flooded', 'non_flooded', 'non_flooded', 'non_flooded', 'non_flooded', 'non_flooded', 'non_flooded', 'non_flooded', 'non_flooded', 'non_flooded', 'non_flooded']","['260.79', '702.34', '1015.41', '1076.93', '1592.68', '1645.16', '1520.29', '1455.15', '1102.27', '496.94', '70.93', '587.43', '836.25', '1278.89', '1412.22', '1172.23', '1097.68', '1680.38', '547.72']","['740.71', '568.79', '460.21', '333.54', '324.49', '456.59', '623.08', '711.75', '928.91', '393.27', '449.82', '243.72', '223.61', '199.89', '224.14', '161.71', '145.96', '157.30', '1159.58']","['639.00', '1113.13', '1290.47', '1344.76', '1932.89', '2014.32', '1985.37', '1907.55', '1610.77', '724.40', '401.44', '823.68', '1064.97', '1428.58', '1564.33', '1318.89', '1240.10', '1927.64', '1230.46']","['1073.68', '851.09', '641.18', '496.41', '552.50', '700.89', '861.95', '1137.01', '1381.31', '567.95', '621.98', '424.68', '413.37', '335.04', '377.46', '276.26', '247.17', '291.84', '1527.00']"
Screen Shot 2022-03-18 at 10.50.39.png,2560,1600,"['non_flooded', 'non_flooded', 'non_flooded', 'non_flooded', 'non_flooded', 'non_flooded', 'non_flooded', 'non_flooded', 'non_flooded', 'non_flooded', 'non_flooded', 'non_flooded', 'non_flooded', 'non_flooded']","['1261.73', '1399.84', '1459.77', '1334.69', '1088.96', '936.75', '819.81', '715.96', '695.01', '312.77', '5.70', '115.15', '443.49', '1377.15']","['914.63', '716.58', '469.02', '372.61', '234.62', '172.88', '136.23', '342.18', '506.25', '745.37', '452.61', '317.10', '228.50', '105.16']","['1762.05', '1848.05', '1934.04', '1650.00', '1318.27', '1135.73', '1010.06', '1016.17', '1021.40', '794.50', '307.98', '409.61', '680.62', '1596.10']","['1401.92', '1034.50', '846.87', '565.44', '390.98', '354.40', '293.31', '549.01', '789.88', '1073.50', '707.98', '494.30', '499.51', '255.38']"
Screen Shot 2022-03-18 at 10.52.40.png,2560,1600,"['non_flooded', 'non_flooded', 'non_flooded', 'non_flooded', 'non_flooded', 'non_flooded', 'non_flooded', 'non_flooded', 'non_flooded', 'non_flooded', 'non_flooded', 'non_flooded', 'non_flooded', 'non_flooded', 'non_flooded', 'non_flooded', 'non_flooded', 'non_flooded', 'non_flooded']","['829.41', '1202.92', '1348.42', '1404.88', '1359.27', '1070.46', '749.07', '740.38', '410.30', '100.33', '499.96', '383.09', '192.07', '70.57', '276.37', '770.73', '850.02', '960.58', '1309.63']","['1038.75', '773.82', '660.90', '482.83', '146.24', '222.25', '378.60', '491.52', '610.96', '465.65', '278.41', '223.11', '327.42', '177.93', '81.14', '171.56', '185.70', '203.51', '376.93']","['1417.90', '1578.60', '1661.10', '1745.80', '1537.34', '1296.30', '1003.14', '970.56', '818.56', '384.34', '709.83', '589.18', '476.08', '242.28', '394.21', '894.47', '998.00', '1129.90', '1588.89']","['1512.15', '1162.53', '910.63', '715.19', '267.85', '413.34', '521.92', '713.02', '928.00', '664.21', '440.52', '355.06', '473.19', '263.79', '161.52', '273.58', '298.33', '361.51', '570.38']"
Screen Shot 2022-03-18 at 10.52.43.png,2560,1600,"['non_flooded', 'non_flooded', 'non_flooded', 'non_flooded', 'non_flooded', 'non_flooded', 'non_flooded', 'non_flooded', 'non_flooded', 'non_flooded', 'non_flooded', 'non_flooded', 'non_flooded', 'non_flooded', 'non_flooded', 'non_flooded', 'non_flooded', 'non_flooded', 'non_flooded']","['1352.20', '1507.16', '1600.53', '1494.13', '836.15', '797.06', '358.40', '89.13', '267.20', '549.50', '1230.59', '1067.40', '964.42', '858.82', '453.02', '194.70', '157.17', '322.98', '1519.71']","['972.58', '761.01', '535.17', '380.99', '346.24', '517.80', '685.01', '461.34', '298.47', '242.01', '237.02', '177.68', '130.55', '115.72', '181.17', '245.75', '108.74', '77.32', '106.81']","['1865.04', '1869.80', '1961.01', '1798.14', '1155.36', '1274.80', '1005.53', '475.67', '506.07', '842.66', '1418.22', '1278.59', '1118.88', '1007.18', '678.17', '406.76', '327.35', '460.00', '1751.63']","['1476.03', '1067.20', '821.81', '619.86', '559.06', '847.87', '1099.77', '698.03', '480.88', '415.76', '381.89', '366.18', '294.62', '246.62', '316.44', '392.36', '210.84', '187.28', '268.37']"
Screen Shot 2022-03-18 at 10.52.45.png,2560,1600,"['non_flooded', 'non_flooded', 'non_flooded', 'non_flooded', 'non_flooded', 'non_flooded', 'non_flooded', 'non_flooded', 'non_flooded', 'non_flooded', 'non_flooded', 'non_flooded', 'non_flooded', 'non_flooded', 'non_flooded', 'non_flooded', 'non_flooded', 'non_flooded', 'non_flooded', 'non_flooded', 'non_flooded']","['402.97', '878.00', '1598.83', '1739.08', '1609.39', '1339.45', '1651.61', '1211.27', '1086.10', '1728.52', '683.46', '342.65', '161.69', '924.74', '464.80', '276.30', '108.90', '297.41', '591.47', '1003.26', '967.51']","['957.47', '657.37', '975.57', '704.12', '482.44', '328.62', '164.25', '236.63', '204.97', '73.77', '331.64', '396.48', '588.00', '459.82', '114.48', '131.07', '186.87', '266.79', '242.67', '165.05', '115.96']","['1043.88', '1271.59', '2079.89', '2164.34', '2024.09', '1600.30', '1927.58', '1452.55', '1274.61', '1894.40', '962.45', '620.12', '508.53', '1226.35', '580.92', '466.31', '323.04', '490.43', '789.02', '1135.98', '1083.87']","['1403.84', '995.20', '1468.69', '1037.39', '794.60', '488.47', '351.24', '422.12', '376.88', '215.52', '518.63', '583.48', '835.32', '683.01', '194.41', '254.73', '277.35', '410.06', '376.90', '276.56', '234.74']"
Screen Shot 2022-03-18 at 10.52.47.png,2560,1600,"['non_flooded', 'non_flooded', 'non_flooded', 'non_flooded', 'non_flooded', 'non_flooded', 'non_flooded', 'non_flooded', 'non_flooded', 'non_flooded', 'non_flooded', 'non_flooded', 'non_flooded', 'non_flooded', 'non_flooded', 'non_flooded', 'non_flooded', 'non_flooded', 'non_flooded', 'non_flooded', 'non_flooded', 'non_flooded', 'non_flooded', 'non_flooded', 'non_flooded']","['891.69', '810.91', '1655.21', '1699.51', '1319.05', '1709.93', '1730.78', '1199.19', '605.05', '255.86', '10.91', '218.09', '497.70', '471.52', '1083.10', '977.33', '942.77', '1514.57', '414.97', '247.41', '41.10', '156.36', '317.81', '479.25', '669.07']","['630.59', '974.62', '682.70', '977.17', '442.96', '307.46', '125.05', '390.85', '461.21', '555.01', '833.84', '417.27', '239.24', '345.01', '303.12', '258.09', '234.00', '87.39', '181.64', '225.63', '262.28', '157.30', '134.76', '94.76', '80.21']","['1358.14', '1266.92', '2197.23', '2408.31', '1595.28', '2001.80', '2040.88', '1402.39', '922.96', '524.30', '469.54', '443.24', '650.59', '777.31', '1285.22', '1119.76', '1039.12', '1683.17', '545.87', '392.97', '245.33', '298.17', '450.16', '629.80', '781.06']","['969.35', '1360.22', '1091.82', '1467.07', '672.28', '469.00', '390.85', '568.04', '677.49', '758.27', '1224.70', '557.60', '368.05', '509.43', '479.06', '391.09', '318.83', '244.48', '268.56', '318.83', '400.51', '264.93', '224.21', '194.39', '176.94']"
Screen Shot 2022-03-18 at 10.52.49.png,2560,1600,"['non_flooded', 'non_flooded', 'non_flooded', 'non_flooded', 'non_flooded', 'non_flooded', 'non_flooded', 'non_flooded', 'non_flooded', 'non_flooded', 'non_flooded', 'non_flooded', 'non_flooded', 'non_flooded', 'non_flooded', 'non_flooded']","['1397.23', '1753.68', '1769.87', '1522.31', '1207.00', '1063.68', '954.23', '435.69', '545.93', '153.84', '128.21', '820.39', '1685.99', '2051.77', '885.02', '861.99']","['599.32', '441.31', '276.19', '184.98', '539.38', '455.99', '385.64', '442.48', '674.71', '768.21', '591.77', '923.54', '976.32', '208.14', '324.92', '269.77']","['1629.15', '2006.45', '1993.97', '1696.91', '1428.50', '1295.60', '1113.19', '738.96', '895.79', '527.83', '386.08', '1284.86', '2176.10', '2238.50', '1035.32', '998.35']","['852.08', '631.54', '448.18', '328.31', '742.64', '638.40', '513.32', '707.89', '882.82', '1009.50', '775.75', '1167.84', '1421.19', '344.55', '443.10', '369.77']"
Screen Shot 2022-03-18 at 10.52.52.png,2560,1600,"['non_flooded', 'non_flooded', 'non_flooded', 'non_flooded', 'non_flooded', 'non_flooded', 'non_flooded', 'non_flooded', 'non_flooded', 'non_flooded', 'non_flooded', 'non_flooded', 'non_flooded', 'non_flooded', 'non_flooded', 'non_flooded', 'non_flooded', 'non_flooded', 'non_flooded', 'non_flooded', 'non_flooded', 'non_flooded', 'non_flooded', 'non_flooded', 'non_flooded', 'non_flooded', 'non_flooded', 'non_flooded', 'non_flooded', 'non_flooded', 'non_flooded', 'non_flooded']","['1420.58', '1180.81', '1001.35', '933.49', '871.66', '319.58', '449.26', '336.16', '811.78', '386.31', '592.85', '198.68', '297.59', '77.23', '11.78', '0.00', '1807.88', '1826.21', '2156.96', '2246.85', '1853.26', '1560.03', '1481.49', '1481.49', '1218.81', '1125.43', '1040.78', '957.87', '723.12', '846.17', '2274.86', '2295.81']","['977.53', '840.30', '672.91', '605.04', '516.07', '731.72', '998.64', '547.01', '443.15', '286.32', '258.75', '323.48', '422.31', '469.66', '396.20', '854.47', '681.75', '467.07', '344.02', '251.51', '205.26', '333.54', '266.35', '182.57', '170.35', '196.53', '220.09', '268.09', '200.02', '180.82', '161.97', '101.75']","['1708.62', '1503.52', '1348.20', '1141.60', '1069.21', '622.84', '836.93', '583.10', '977.60', '541.22', '748.48', '364.50', '451.76', '275.04', '167.41', '209.16', '2129.91', '2157.83', '2340.23', '2442.33', '2019.95', '1760.75', '1664.76', '1605.41', '1319.17', '1272.92', '1166.45', '1113.21', '897.66', '1000.63', '2437.18', '2412.75']","['1271.59', '1098.17', '938.32', '754.34', '648.78', '1063.48', '1270.08', '692.70', '555.70', '398.39', '373.66', '455.11', '527.76', '597.58', '488.56', '1083.19', '902.54', '696.59', '542.99', '416.45', '344.02', '513.32', '398.12', '292.53', '274.20', '306.49', '322.20', '365.83', '306.49', '289.00', '278.91', '186.41']"
Screen Shot 2022-03-18 at 10.52.56.png,2560,1600,"['non_flooded', 'non_flooded', 'non_flooded', 'non_flooded', 'non_flooded', 'non_flooded', 'non_flooded', 'non_flooded', 'non_flooded', 'non_flooded', 'non_flooded', 'non_flooded', 'non_flooded', 'non_flooded', 'non_flooded', 'non_flooded', 'non_flooded', 'non_flooded', 'non_flooded', 'non_flooded', 'non_flooded', 'non_flooded', 'non_flooded', 'non_flooded', 'non_flooded', 'non_flooded', 'non_flooded', 'non_flooded', 'non_flooded', 'non_flooded', 'non_flooded', 'non_flooded', 'non_flooded', 'non_flooded', 'non_flooded']","['1316.25', '1254.36', '1511.97', '2020.62', '2008.56', '1978.40', '1963.32', '1590.84', '1602.90', '1224.39', '955.96', '853.42', '842.86', '360.29', '198.93', '99.40', '594.04', '54.16', '55.67', '83.31', '194.61', '313.30', '431.98', '537.58', '627.47', '69.81', '1267.08', '1196.24', '1255.11', '897.13', '1916.37', '2219.83', '2327.90', '2360.23', '2217.81']","['952.84', '733.94', '557.39', '693.11', '586.04', '475.96', '396.03', '468.42', '368.89', '439.76', '614.70', '536.28', '444.29', '1125.90', '1008.29', '907.25', '1266.16', '809.23', '718.75', '639.24', '576.62', '512.01', '472.74', '446.56', '405.54', '453.50', '226.43', '215.91', '372.97', '387.55', '315.70', '203.63', '178.88', '226.86', '155.15']","['1591.80', '1498.06', '1739.68', '2172.94', '2195.56', '2195.56', '2106.58', '1773.31', '1755.21', '1366.14', '1165.58', '1041.92', '974.06', '719.20', '491.49', '351.24', '949.93', '259.26', '274.34', '301.13', '375.28', '448.56', '564.63', '644.92', '728.70', '298.46', '1338.28', '1277.60', '1348.04', '1025.85', '2065.46', '2303.66', '2406.69', '2448.61', '2301.64']","['1196.47', '948.48', '729.31', '884.63', '703.67', '626.76', '521.20', '583.03', '477.47', '560.41', '786.61', '681.05', '564.93', '1410.93', '1252.59', '1115.36', '1522.53', '972.12', '837.88', '776.99', '697.88', '625.46', '567.86', '552.15', '497.17', '593.17', '280.79', '286.40', '453.27', '500.27', '424.06', '259.69', '234.94', '299.08', '205.65']"
Screen Shot 2022-03-18 at 10.53.01.png,2560,1600,"['non_flooded', 'non_flooded', 'non_flooded', 'non_flooded', 'non_flooded', 'non_flooded', 'non_flooded', 'non_flooded', 'non_flooded', 'non_flooded', 'non_flooded', 'non_flooded', 'non_flooded', 'non_flooded', 'non_flooded', 'non_flooded', 'non_flooded', 'non_flooded', 'non_flooded', 'non_flooded', 'non_flooded', 'non_flooded', 'non_flooded', 'non_flooded', 'non_flooded', 'non_flooded', 'non_flooded', 'non_flooded', 'non_flooded', 'non_flooded', 'non_flooded', 'non_flooded', 'non_flooded', 'non_flooded', 'non_flooded', 'non_flooded', 'non_flooded', 'non_flooded', 'non_flooded']","['1327.81', '1630.64', '1676.89', '1964.88', '2028.59', '2041.68', '2030.33', '2378.54', '2418.68', '1606.20', '1657.69', '1254.50', '1223.96', '1289.41', '1365.33', '1672.76', '1608.93', '1542.99', '1484.53', '1295.45', '1029.27', '928.19', '840.19', '724.56', '616.20', '544.93', '483.39', '448.48', '502.58', '576.37', '723.42', '1025.18', '1138.28', '2012.62', '2352.61', '1683.48', '1726.41', '1728.51', '1750.40']","['683.84', '857.51', '1118.45', '682.10', '561.67', '439.49', '366.18', '330.40', '379.27', '500.58', '427.30', '592.21', '480.51', '443.85', '384.51', '247.65', '241.34', '225.20', '217.74', '238.10', '433.73', '478.82', '486.82', '535.54', '577.72', '656.27', '737.25', '846.34', '969.39', '1087.21', '1234.79', '1096.06', '1166.93', '314.25', '287.59', '382.47', '354.27', '323.97', '285.25']","['1528.53', '1916.01', '2030.33', '2126.33', '2214.47', '2190.91', '2154.25', '2519.91', '2560.00', '1810.41', '1774.63', '1399.37', '1374.93', '1402.86', '1456.10', '1780.43', '1683.63', '1619.45', '1555.07', '1377.63', '1129.63', '1048.91', '959.46', '875.82', '778.37', '696.92', '679.74', '657.05', '716.40', '812.62', '1022.16', '1141.30', '1209.16', '2155.04', '2472.60', '1766.81', '1788.28', '1808.48', '1832.89']","['889.80', '1100.99', '1469.27', '847.91', '705.66', '564.28', '463.92', '453.45', '517.16', '655.05', '520.65', '745.81', '648.94', '522.40', '489.23', '320.60', '303.06', '285.88', '272.28', '289.73', '520.27', '555.18', '595.18', '646.10', '693.36', '769.72', '864.67', '1006.90', '1120.37', '1299.59', '1540.92', '1185.03', '1249.87', '383.34', '360.92', '461.59', '417.40', '383.74', '364.38']"
Screen Shot 2022-03-18 at 10.53.04.png,2560,1600,"['non_flooded', 'non_flooded', 'non_flooded', 'non_flooded', 'non_flooded', 'non_flooded', 'non_flooded', 'non_flooded', 'non_flooded', 'non_flooded', 'non_flooded', 'non_flooded', 'non_flooded', 'non_flooded', 'non_flooded', 'non_flooded', 'non_flooded', 'non_flooded', 'non_flooded', 'non_flooded']","['1210.49', '891.99', '1597.75', '1626.70', '1291.50', '671.70', '546.53', '483.20', '418.35', '443.99', '490.74', '583.66', '672.67', '307.89', '139.46', '1210.24', '1606.10', '1949.17', '2037.14', '1019.68']","['1232.20', '1015.05', '656.74', '430.54', '262.12', '809.53', '676.83', '523.01', '411.41', '328.47', '231.96', '169.13', '94.95', '97.57', '173.49', '151.73', '77.61', '249.75', '101.47', '674.11']","['1534.41', '1224.96', '2042.91', '2033.87', '1579.58', '1093.95', '822.50', '744.08', '649.08', '612.88', '649.08', '711.07', '845.47', '532.17', '327.96', '1405.02', '1803.39', '2172.86', '2245.80', '1119.57']","['1532.60', '1348.02', '1002.38', '707.41', '500.42', '1123.20', '898.51', '747.70', '613.49', '446.10', '354.11', '272.98', '218.87', '213.63', '313.12', '340.24', '194.50', '428.20', '274.89', '765.31']"
Screen Shot 2022-03-18 at 10.53.10.png,2560,1600,"['non_flooded', 'non_flooded', 'non_flooded', 'non_flooded', 'non_flooded', 'non_flooded', 'non_flooded', 'non_flooded', 'non_flooded', 'non_flooded', 'non_flooded', 'non_flooded', 'non_flooded', 'non_flooded', 'non_flooded', 'non_flooded', 'non_flooded', 'non_flooded', 'non_flooded', 'non_flooded', 'non_flooded', 'non_flooded', 'non_flooded', 'non_flooded', 'non_flooded', 'non_flooded', 'non_flooded', 'non_flooded', 'non_flooded', 'non_flooded', 'non_flooded', 'non_flooded']","['1528.80', '1874.44', '1914.25', '1168.68', '1492.61', '1507.34', '1119.86', '1028.75', '1028.75', '249.30', '163.19', '120.29', '179.92', '244.64', '374.82', '479.55', '609.72', '747.17', '830.81', '1244.61', '1328.97', '1381.33', '1467.88', '1550.06', '1936.22', '1939.13', '1925.32', '2299.12', '2337.67', '2386.39', '270.45', '106.38']","['889.46', '654.21', '504.01', '695.83', '451.53', '351.92', '374.96', '431.51', '582.31', '1272.19', '1072.02', '922.80', '776.63', '656.63', '580.27', '487.91', '430.46', '407.19', '357.00', '151.92', '94.47', '108.29', '121.38', '134.47', '382.46', '288.64', '218.10', '227.55', '296.64', '406.46', '430.50', '495.95']","['1963.11', '2075.30', '2127.79', '1407.55', '1660.90', '1668.61', '1250.77', '1199.45', '1241.34', '576.50', '487.80', '417.73', '407.55', '467.91', '547.18', '659.20', '763.90', '859.17', '946.44', '1328.97', '1407.52', '1483.88', '1551.51', '1631.51', '2095.49', '2067.13', '2038.77', '2430.75', '2505.66', '2560.00', '494.73', '310.59']","['1213.38', '849.60', '670.49', '911.17', '645.16', '458.74', '473.40', '596.98', '748.83', '1519.50', '1285.83', '1104.62', '919.89', '802.08', '695.17', '625.36', '564.27', '508.27', '463.18', '221.74', '157.74', '182.46', '194.83', '197.74', '506.09', '386.82', '311.92', '356.28', '463.18', '583.91', '568.39', '615.51']"
Screen Shot 2022-03-18 at 10.53.13.png,2560,1600,"['non_flooded', 'non_flooded', 'non_flooded', 'non_flooded', 'non_flooded', 'non_flooded', 'non_flooded', 'non_flooded', 'non_flooded', 'non_flooded', 'non_flooded', 'non_flooded', 'non_flooded', 'non_flooded', 'non_flooded', 'non_flooded', 'non_flooded', 'non_flooded', 'non_flooded', 'non_flooded', 'non_flooded', 'non_flooded', 'non_flooded', 'non_flooded', 'non_flooded', 'non_flooded', 'non_flooded', 'non_flooded']","['1789.93', '1847.84', '1809.83', '1777.26', '2182.62', '2278.53', '1285.04', '1352.00', '814.54', '926.74', '805.49', '908.19', '1004.18', '1047.09', '1105.27', '1153.27', '1376.53', '1426.71', '1376.53', '1304.54', '1217.27', '1162.72', '1066.73', '599.83', '463.84', '320.57', '148.21', '10.76']","['927.28', '753.55', '601.54', '500.21', '503.83', '630.50', '711.93', '588.88', '889.28', '1044.90', '715.55', '618.74', '543.83', '472.56', '444.93', '396.20', '516.93', '467.47', '333.66', '320.57', '299.48', '287.12', '348.20', '602.74', '654.38', '698.74', '767.83', '893.64']","['1988.99', '2007.10', '1981.75', '1932.89', '2448.63', '2508.30', '1538.36', '1503.96', '1040.74', '1247.04', '1000.92', '1052.91', '1108.91', '1165.63', '1199.09', '1239.08', '1491.44', '1510.35', '1458.71', '1378.72', '1330.72', '1234.72', '1144.54', '740.19', '649.29', '520.56', '376.57', '226.75']","['1280.16', '952.61', '777.08', '635.93', '679.36', '824.13', '916.42', '726.41', '1079.29', '1327.21', '900.13', '748.92', '664.56', '577.29', '516.93', '483.47', '610.74', '542.38', '410.02', '383.84', '376.57', '351.84', '424.57', '696.56', '774.37', '864.55', '932.91', '1060.18']"
Screen Shot 2022-03-18 at 10.53.21.png,2560,1600,"['non_flooded', 'non_flooded', 'non_flooded', 'non_flooded', 'non_flooded', 'non_flooded', 'non_flooded', 'non_flooded', 'non_flooded', 'non_flooded', 'non_flooded', 'non_flooded', 'non_flooded', 'non_flooded', 'non_flooded', 'non_flooded', 'non_flooded', 'non_flooded', 'non_flooded', 'non_flooded', 'non_flooded', 'non_flooded', 'non_flooded', 'non_flooded', 'non_flooded', 'non_flooded', 'non_flooded', 'non_flooded', 'non_flooded']","['1544.64', '1621.30', '1662.77', '1346.46', '1277.35', '1162.99', '1069.99', '943.07', '714.35', '1450.77', '2248.76', '2172.11', '2193.47', '2131.89', '2092.94', '2133.05', '1996.91', '2367.80', '2237.77', '588.30', '437.35', '188.53', '0.00', '828.73', '1137.49', '1397.08', '1275.43', '1554.80', '1645.81']","['870.43', '723.40', '630.40', '513.16', '557.14', '591.07', '731.82', '860.00', '1037.19', '1125.16', '951.74', '729.31', '588.56', '503.10', '430.21', '269.49', '244.18', '265.12', '317.49', '768.37', '856.88', '927.76', '1018.24', '530.06', '377.26', '342.92', '422.37', '382.62', '417.74']","['1745.71', '1775.87', '1812.32', '1472.13', '1416.84', '1377.88', '1243.42', '1174.30', '1013.44', '1787.56', '2506.38', '2433.50', '2344.27', '2302.80', '2294.01', '2243.01', '2117.30', '2500.45', '2383.51', '824.83', '636.41', '520.29', '191.54', '956.60', '1256.17', '1490.00', '1362.70', '1640.15', '1725.36']","['1061.45', '890.54', '762.36', '606.16', '681.55', '784.60', '911.52', '1059.81', '1321.20', '1424.25', '1240.78', '940.43', '768.26', '633.80', '578.50', '341.05', '319.23', '357.63', '415.23', '928.29', '1010.70', '1122.30', '1279.13', '646.30', '460.09', '426.25', '507.82', '477.56', '498.55']"
Screen Shot 2022-03-18 at 10.53.28.png,2560,1600,"['non_flooded', 'non_flooded', 'non_flooded', 'non_flooded', 'non_flooded', 'non_flooded', 'non_flooded', 'non_flooded', 'non_flooded', 'non_flooded', 'non_flooded', 'non_flooded', 'non_flooded', 'non_flooded', 'non_flooded', 'non_flooded', 'non_flooded', 'non_flooded', 'non_flooded', 'non_flooded', 'non_flooded', 'non_flooded', 'non_flooded', 'non_flooded', 'non_flooded', 'non_flooded']","['1506.29', '1580.12', '570.35', '466.11', '776.64', '854.82', '1017.69', '839.62', '1186.41', '1288.83', '1305.41', '1648.33', '1759.44', '1555.41', '1441.77', '1351.37', '1074.11', '1221.58', '629.58', '567.03', '500.13', '380.86', '220.86', '2250.40', '2280.94', '2256.21']","['1177.73', '871.54', '1171.22', '1164.70', '906.29', '886.74', '665.25', '756.45', '556.49', '447.40', '329.44', '283.98', '351.15', '249.14', '203.18', '181.46', '220.35', '293.58', '462.89', '542.16', '624.34', '732.70', '865.06', '374.75', '282.39', '100.58']","['1849.39', '1914.54', '902.63', '607.26', '865.68', '1111.06', '1260.90', '1000.31', '1364.58', '1450.03', '1468.54', '1771.05', '1875.09', '1672.07', '1579.14', '1472.58', '1203.90', '1320.06', '820.12', '743.03', '728.48', '695.76', '525.58', '2552.20', '2479.48', '2434.39']","['1518.66', '1169.04', '1531.69', '1351.50', '1030.06', '1179.90', '886.74', '891.09', '709.82', '591.00', '498.12', '421.35', '481.96', '355.19', '320.85', '279.44', '309.74', '399.60', '603.25', '686.88', '782.15', '942.88', '1078.14', '544.93', '440.93', '191.48']"
Screen Shot 2022-03-18 at 10.53.38.png,2560,1600,"['non_flooded', 'non_flooded', 'non_flooded', 'non_flooded', 'non_flooded', 'non_flooded', 'non_flooded', 'non_flooded', 'non_flooded', 'non_flooded', 'non_flooded', 'non_flooded', 'non_flooded', 'non_flooded', 'non_flooded', 'non_flooded']","['1681.27', '1618.73', '1493.65', '1376.38', '1243.65', '1138.92', '1082.37', '730.39', '896.70', '1026.55', '1023.41', '939.63', '674.68', '1604.80', '21.20', '2290.57']","['654.04', '502.90', '349.15', '281.40', '204.68', '149.18', '97.86', '216.20', '332.34', '429.73', '525.03', '704.11', '969.06', '935.96', '652.58', '85.96']","['1902.77', '1832.41', '1676.06', '1548.37', '1409.11', '1296.01', '1215.37', '923.17', '1095.67', '1220.29', '1277.85', '1179.45', '1006.66', '1897.96', '253.01', '2512.23']","['906.81', '690.52', '568.05', '429.93', '337.68', '286.36', '206.78', '377.47', '506.18', '592.05', '747.05', '949.16', '1302.08', '1256.27', '909.54', '191.56']"
Screen Shot 2022-03-18 at 10.53.41.png,2560,1600,"['non_flooded', 'non_flooded']","['1300.81', '36.97']","['578.47', '604.53']","['1767.26', '727.52']","['1097.04', '1115.28']"
Screen Shot 2022-03-18 at 10.53.42.png,2560,1600,"['non_flooded', 'non_flooded', 'non_flooded', 'non_flooded']","['297.56', '1485.83', '1316.45', '8.31']","['346.55', '416.91', '977.17', '1060.55']","['935.99', '1941.86', '1759.45', '485.18']","['938.08', '807.79', '1498.34', '1519.19']"
Screen Shot 2022-03-18 at 10.53.43.png,2560,1600,"['non_flooded', 'non_flooded', 'non_flooded', 'non_flooded']","['414.82', '1569.22', '735.34', '1634.36']","['476.84', '562.83', '179.77', '130.26']","['891.69', '1973.13', '1089.74', '2038.27']","['1018.86', '1034.50', '479.45', '474.23']"
Screen Shot 2022-03-18 at 10.53.45.png,2560,1600,"['non_flooded', 'non_flooded', 'non_flooded', 'non_flooded', 'non_flooded', 'non_flooded']","['688.44', '279.32', '1824.59', '2082.57', '1147.07', '44.79']","['403.88', '912.02', '706.16', '284.01', '140.68', '216.25']","['1269.54', '782.25', '2244.14', '2509.93', '1558.79', '466.94']","['912.02', '1456.64', '1258.60', '766.09', '463.81', '552.41']"
Screen Shot 2022-03-18 at 10.53.49.png,2560,1600,"['non_flooded', 'non_flooded', 'non_flooded', 'non_flooded', 'non_flooded', 'non_flooded']","['451.30', '1433.71', '1410.26', '678.01', '1478.01', '143.81']","['476.84', '304.85', '820.81', '49.48', '67.72', '995.41']","['941.21', '1874.10', '1887.13', '985.50', '1848.05', '724.92']","['898.99', '732.21', '1287.26', '398.66', '299.64', '1503.55']"
Screen Shot 2022-03-18 at 10.53.53.png,2560,1600,"['non_flooded', 'non_flooded', 'non_flooded']","['242.83', '1459.77', '438.27']","['599.32', '495.08', '119.84']","['732.74', '1962.70', '951.63']","['1216.91', '998.01', '513.32']"
Screen Shot 2022-03-18 at 10.54.01.png,2560,1600,"['non_flooded', 'non_flooded', 'non_flooded', 'non_flooded']","['464.33', '1636.97', '1597.88', '287.13']","['260.55', '177.17', '828.63', '1011.04']","['904.72', '2085.18', '2085.18', '756.17']","['849.48', '614.95', '1414.95', '1516.58']"
Screen Shot 2022-03-18 at 10.54.09.png,2560,1600,"['non_flooded', 'non_flooded', 'non_flooded', 'non_flooded']","['1431.11', '1735.99', '370.52', '344.46']","['153.71', '672.28', '674.89', '130.26']","['1923.62', '2212.87', '969.87', '821.33']","['557.62', '1198.66', '1170.00', '510.72']"
Screen Shot 2022-03-18 at 10.54.23.png,2560,1600,"['non_flooded', 'non_flooded', 'non_flooded', 'non_flooded', 'non_flooded']","['1326.87', '271.50', '341.86', '1282.57', '2106.03']","['463.81', '880.75', '325.70', '104.20', '208.44']","['1861.08', '753.58', '750.98', '1556.19', '2478.66']","['990.20', '1401.92', '734.82', '422.12', '622.77']"
Screen Shot 2022-03-18 at 10.54.25.png,2560,1600,"['non_flooded', 'non_flooded', 'non_flooded', 'non_flooded']","['1384.20', '1266.94', '297.56', '258.47']","['620.16', '158.93', '422.12', '964.14']","['1879.32', '1618.73', '717.10', '795.28']","['1143.94', '601.92', '870.33', '1519.19']"
Screen Shot 2022-03-18 at 10.54.35.png,2560,1600,"['non_flooded', 'non_flooded', 'non_flooded', 'non_flooded', 'non_flooded', 'non_flooded', 'non_flooded', 'non_flooded', 'non_flooded', 'non_flooded', 'non_flooded', 'non_flooded', 'non_flooded', 'non_flooded', 'non_flooded', 'non_flooded', 'non_flooded', 'non_flooded', 'non_flooded', 'non_flooded', 'non_flooded', 'non_flooded', 'non_flooded', 'non_flooded', 'non_flooded', 'non_flooded', 'non_flooded', 'non_flooded', 'non_flooded', 'non_flooded', 'non_flooded', 'non_flooded', 'non_flooded', 'non_flooded', 'non_flooded', 'non_flooded', 'non_flooded', 'non_flooded', 'non_flooded', 'non_flooded', 'non_flooded', 'non_flooded', 'non_flooded', 'non_flooded', 'non_flooded']","['1808.67', '1657.87', '1478.16', '1254.47', '1074.77', '1177.82', '1361.29', '892.55', '702.79', '841.02', '585.92', '509.26', '319.50', '132.25', '273.00', '495.44', '673.89', '999.14', '1071.26', '1126.41', '1188.23', '1194.29', '1448.82', '1357.31', '1276.10', '1208.22', '1120.35', '1048.23', '806.42', '644.00', '212.50', '218.61', '500.49', '736.99', '2038.93', '2190.94', '1693.29', '1879.69', '1702.34', '294.24', '531.33', '749.50', '809.86', '876.04', '1226.98']","['1060.44', '908.38', '748.78', '670.87', '582.90', '483.62', '484.88', '556.51', '538.92', '404.45', '388.11', '492.42', '461.00', '452.21', '326.54', '257.42', '307.69', '395.95', '361.40', '345.65', '323.22', '252.92', '330.50', '229.29', '193.53', '167.47', '212.92', '175.96', '260.80', '167.47', '313.73', '784.12', '894.95', '1064.25', '805.49', '709.58', '613.67', '450.80', '434.52', '228.86', '145.96', '137.96', '162.68', '193.23', '304.44']","['2132.90', '1865.22', '1701.85', '1456.80', '1277.09', '1332.40', '1535.97', '1048.38', '869.93', '1039.58', '771.91', '693.99', '496.69', '314.47', '466.53', '627.39', '812.12', '1105.80', '1160.35', '1233.68', '1273.68', '1284.59', '1530.03', '1451.85', '1396.10', '1288.22', '1217.32', '1130.65', '942.78', '768.85', '314.61', '532.78', '785.86', '1106.14', '2317.61', '2366.47', '1865.21', '2071.50', '1888.73', '380.78', '616.41', '822.23', '919.68', '996.74', '1324.50']","['1393.50', '1132.07', '978.76', '879.48', '778.94', '621.86', '702.29', '717.37', '693.49', '571.59', '508.76', '659.56', '631.91', '596.72', '493.68', '381.83', '445.92', '523.82', '473.52', '457.16', '418.98', '332.92', '417.16', '314.13', '269.29', '239.59', '278.38', '254.74', '338.37', '230.50', '403.62', '1021.49', '1129.71', '1455.22', '1017.22', '885.11', '736.72', '593.76', '595.57', '306.68', '192.50', '195.41', '239.04', '297.99', '377.70']"
Screen Shot 2022-03-18 at 10.54.53.png,2560,1600,"['non_flooded', 'non_flooded', 'non_flooded', 'non_flooded', 'non_flooded', 'non_flooded', 'non_flooded', 'non_flooded', 'non_flooded', 'non_flooded', 'non_flooded', 'non_flooded', 'non_flooded', 'non_flooded', 'non_flooded', 'non_flooded', 'non_flooded', 'non_flooded', 'non_flooded', 'non_flooded', 'non_flooded', 'non_flooded', 'non_flooded', 'non_flooded', 'non_flooded', 'non_flooded', 'non_flooded', 'non_flooded', 'non_flooded', 'non_flooded', 'non_flooded', 'non_flooded', 'non_flooded', 'non_flooded', 'non_flooded', 'non_flooded', 'non_flooded', 'non_flooded', 'non_flooded', 'non_flooded', 'non_flooded', 'non_flooded', 'non_flooded', 'non_flooded', 'non_flooded', 'non_flooded', 'non_flooded', 'non_flooded']","['983.26', '1179.30', '1315.02', '1402.49', '1446.22', '1511.06', '1815.68', '1732.74', '1807.43', '1660.34', '1548.46', '1454.43', '1360.79', '1467.80', '1369.60', '1255.61', '1199.50', '1226.50', '1130.41', '1098.84', '1029.82', '1012.69', '880.59', '730.07', '763.68', '613.72', '506.65', '753.11', '893.51', '1035.42', '964.21', '971.28', '588.08', '155.57', '72.83', '135.67', '276.00', '368.15', '459.63', '530.34', '616.70', '90.66', '384.72', '681.80', '1025.63', '1520.26', '1839.96', '2114.11']","['813.91', '750.57', '669.13', '605.80', '539.45', '495.71', '574.13', '408.25', '471.40', '369.07', '326.98', '412.87', '359.91', '284.55', '260.35', '308.39', '273.32', '218.96', '213.70', '265.26', '254.73', '196.98', '233.81', '230.01', '291.68', '398.93', '480.74', '595.89', '517.61', '357.52', '422.16', '301.96', '729.66', '666.83', '538.02', '431.20', '383.03', '318.10', '280.95', '255.70', '246.10', '958.22', '1007.99', '1060.77', '1214.59', '971.79', '1077.36', '922.53']","['1248.67', '1373.83', '1437.17', '1547.26', '1560.83', '1618.13', '1969.50', '1910.69', '1973.97', '1774.68', '1691.91', '1576.17', '1472.01', '1564.60', '1483.93', '1370.30', '1290.33', '1317.34', '1225.10', '1200.20', '1120.31', '1123.46', '978.50', '837.92', '881.76', '758.16', '664.73', '963.71', '1091.48', '1202.08', '1120.77', '1082.39', '858.26', '402.71', '274.95', '345.12', '416.33', '503.25', '554.08', '626.80', '710.13', '426.95', '698.39', '1006.03', '1349.86', '1829.44', '2171.73', '2421.30']","['1035.59', '881.77', '797.32', '755.09', '675.17', '599.77', '685.72', '548.49', '602.31', '473.23', '420.62', '511.46', '446.93', '367.67', '350.13', '402.39', '359.25', '304.18', '278.23', '338.21', '308.39', '272.39', '308.34', '298.11', '391.92', '524.68', '610.03', '769.12', '657.51', '480.74', '578.72', '387.31', '917.12', '853.23', '677.30', '595.62', '494.03', '434.34', '366.81', '338.02', '313.78', '1199.51', '1314.12', '1378.96', '1520.72', '1237.21', '1388.01', '1156.41']"
Screen Shot 2022-03-18 at 10.54.55.png,2560,1600,"['non_flooded', 'non_flooded', 'non_flooded', 'non_flooded', 'non_flooded', 'non_flooded', 'non_flooded', 'non_flooded', 'non_flooded', 'non_flooded', 'non_flooded', 'non_flooded', 'non_flooded', 'non_flooded', 'non_flooded', 'non_flooded', 'non_flooded', 'non_flooded', 'non_flooded', 'non_flooded', 'non_flooded']","['1444.14', '1764.66', '2168.57', '863.03', '1118.40', '1238.27', '1339.90', '1407.65', '1820.16', '1486.35', '628.33', '454.60', '762.96', '359.06', '0.00', '215.73', '545.81', '891.09', '1271.11', '235.28', '72.41']","['682.70', '779.12', '612.35', '474.23', '390.85', '302.25', '208.44', '145.90', '155.77', '85.23', '224.20', '350.15', '109.11', '76.54', '311.06', '732.35', '812.69', '960.36', '1108.02', '1240.43', '1164.48']","['1795.92', '2152.93', '2429.15', '1207.00', '1300.81', '1412.87', '1511.89', '1540.55', '1960.51', '1633.98', '884.57', '773.82', '1032.24', '584.90', '280.88', '565.35', '886.74', '1232.02', '1718.45', '382.94', '217.91']","['951.11', '1167.39', '857.30', '727.00', '549.80', '484.66', '383.03', '297.04', '307.77', '219.77', '432.67', '623.77', '321.92', '245.92', '539.08', '1075.45', '1121.05', '1292.61', '1553.19', '1390.33', '1325.18']"
Screen Shot 2022-03-18 at 10.54.59.png,2560,1600,"['non_flooded', 'non_flooded', 'non_flooded', 'non_flooded', 'non_flooded', 'non_flooded', 'non_flooded', 'non_flooded', 'non_flooded', 'non_flooded', 'non_flooded', 'non_flooded', 'non_flooded']","['1381.60', '1691.69', '297.56', '701.47', '977.69', '1118.40', '1243.49', '1764.66', '1402.44', '654.56', '472.15', '245.44', '164.66']","['849.48', '1070.98', '1133.52', '609.74', '513.32', '406.48', '291.82', '234.50', '132.87', '166.74', '328.31', '487.26', '119.84']","['1655.21', '2116.45', '659.77', '1100.20', '1266.94', '1313.84', '1464.98', '1939.25', '1613.52', '896.91', '743.16', '576.40', '435.67']","['1177.82', '1386.29', '1401.92', '938.08', '698.34', '560.23', '513.32', '375.21', '291.82', '388.24', '523.75', '750.46', '349.15']"
Screen Shot 2022-03-18 at 10.55.03.png,2560,1600,"['non_flooded', 'non_flooded', 'non_flooded', 'non_flooded', 'non_flooded', 'non_flooded', 'non_flooded', 'non_flooded', 'non_flooded', 'non_flooded', 'non_flooded', 'non_flooded', 'non_flooded', 'non_flooded', 'non_flooded']","['644.14', '928.18', '1068.89', '1337.30', '1704.72', '211.56', '146.42', '383.55', '1201.19', '1320.58', '1786.81', '586.81', '618.08', '2106.07', '2305.85']","['515.93', '398.66', '250.13', '807.79', '979.77', '1081.40', '375.21', '192.80', '184.15', '76.08', '88.65', '65.11', '1224.72', '678.90', '505.23']","['1011.56', '1178.34', '1316.45', '1636.97', '2085.18', '636.32', '534.69', '722.31', '1395.98', '1475.15', '1994.16', '949.02', '993.32', '2436.10', '2560.00']","['862.51', '612.35', '471.63', '1138.73', '1401.92', '1375.86', '698.34', '403.88', '381.45', '244.48', '279.66', '294.43', '1524.40', '1000.31', '787.50']"
Screen Shot 2022-03-18 at 10.55.10.png,2560,1600,"['non_flooded', 'non_flooded', 'non_flooded', 'non_flooded', 'non_flooded', 'non_flooded', 'non_flooded', 'non_flooded', 'non_flooded', 'non_flooded', 'non_flooded']","['623.29', '928.18', '1118.40', '1397.23', '1741.21', '159.45', '138.60', '375.73', '565.96', '1227.85', '1326.87']","['534.17', '390.85', '226.68', '789.54', '1037.10', '1094.43', '393.45', '198.01', '44.27', '177.20', '59.90']","['1011.56', '1230.46', '1350.33', '1691.69', '2137.30', '628.50', '542.51', '701.47', '883.88', '1478.00', '1605.70']","['833.84', '633.19', '482.05', '1146.55', '1456.65', '1516.58', '740.03', '448.18', '276.19', '354.37', '221.47']"
Screen Shot 2022-03-18 at 10.55.13.png,2560,1600,"['non_flooded', 'non_flooded', 'non_flooded', 'non_flooded', 'non_flooded', 'non_flooded', 'non_flooded', 'non_flooded']","['561.01', '925.83', '1123.88', '1288.05', '1420.94', '258.73', '0.00', '1900.42']","['607.39', '469.28', '271.24', '187.85', '948.76', '203.49', '435.41', '83.62']","['998.79', '1220.29', '1316.71', '1480.88', '1806.61', '620.94', '454.20', '2101.07']","['961.79', '675.15', '487.52', '380.68', '1378.73', '474.51', '748.11', '292.08']"
Screen Shot 2022-03-18 at 10.55.16.png,2560,1600,"['non_flooded', 'non_flooded', 'non_flooded', 'non_flooded', 'non_flooded', 'non_flooded', 'non_flooded']","['516.45', '917.75', '1113.19', '1293.00', '235.02', '474.75', '1454.56']","['734.86', '544.59', '338.73', '203.22', '250.13', '49.48', '98.99']","['1055.89', '1293.00', '1428.50', '1597.88', '662.38', '941.20', '1650.00']","['1177.82', '792.15', '586.29', '471.63', '565.44', '385.63', '276.19']"
Screen Shot 2022-03-18 at 10.55.17.png,2560,1600,"['non_flooded', 'non_flooded', 'non_flooded', 'non_flooded', 'non_flooded', 'non_flooded', 'non_flooded', 'non_flooded']","['539.90', '1029.80', '1253.91', '1412.87', '1548.37', '516.45', '227.20', '2142.51']","['846.87', '622.77', '380.42', '247.52', '104.20', '62.51', '297.04', '132.87']","['1089.74', '1410.26', '1522.31', '1663.03', '1725.57', '863.03', '654.55', '2361.40']","['1404.53', '964.14', '677.49', '555.02', '294.43', '385.64', '646.26', '359.58']"
Screen Shot 2022-03-18 at 10.55.19.png,2560,1600,"['non_flooded', 'non_flooded', 'non_flooded', 'non_flooded', 'non_flooded', 'non_flooded', 'non_flooded']","['1276.84', '1059.20', '1496.95', '1591.41', '2245.05', '444.61', '38.75']","['471.94', '779.64', '328.65', '145.37', '169.26', '158.40', '375.56']","['1580.79', '1438.20', '1751.02', '1867.20', '2538.21', '1042.01', '664.16']","['813.41', '1188.66', '613.13', '427.68', '436.36', '447.22', '803.36']"
Screen Shot 2022-03-18 at 10.55.22.png,2560,1600,"['non_flooded', 'non_flooded', 'non_flooded', 'non_flooded', 'non_flooded', 'non_flooded']","['954.24', '1251.30', '1459.77', '1543.16', '2283.22', '326.22']","['724.40', '469.02', '284.01', '93.78', '104.20', '93.78']","['1498.86', '1600.50', '1814.17', '1848.05', '2560.00', '839.58']","['1237.75', '807.79', '575.86', '380.42', '396.06', '455.99']"
Screen Shot 2022-03-18 at 10.55.25.png,2560,1600,"['non_flooded', 'non_flooded', 'non_flooded']","['373.13', '704.07', '922.96']","['578.47', '268.37', '59.90']","['920.36', '1074.07', '1214.82']","['1107.46', '669.72', '375.21']"
Screen Shot 2022-03-18 at 10.55.27.png,2560,1600,"['non_flooded', 'non_flooded', 'non_flooded', 'non_flooded', 'non_flooded', 'non_flooded', 'non_flooded', 'non_flooded', 'non_flooded', 'non_flooded', 'non_flooded', 'non_flooded', 'non_flooded', 'non_flooded', 'non_flooded', 'non_flooded', 'non_flooded', 'non_flooded', 'non_flooded', 'non_flooded', 'non_flooded', 'non_flooded']","['664.98', '878.67', '1053.26', '1709.93', '1639.58', '1491.04', '1319.06', '998.53', '1144.46', '836.97', '1131.82', '1000.18', '858.37', '662.74', '745.65', '624.92', '528.93', '411.84', '476.56', '285.30', '158.03', '39.58']","['805.18', '641.01', '513.32', '492.48', '362.18', '294.43', '239.71', '299.64', '403.88', '205.83', '181.45', '137.81', '113.09', '161.81', '81.09', '76.00', '136.36', '126.18', '75.27', '97.09', '224.35', '135.47']","['1055.86', '1285.18', '1339.90', '1957.49', '1887.13', '1756.84', '1527.52', '1272.15', '1365.96', '1003.75', '1343.44', '1155.09', '1023.46', '861.28', '914.37', '778.37', '716.56', '566.74', '615.47', '455.47', '504.20', '276.71']","['1203.88', '901.60', '727.00', '737.43', '547.20', '482.05', '393.45', '479.45', '607.13', '367.39', '306.53', '259.99', '223.63', '304.35', '203.99', '185.81', '273.81', '258.53', '160.36', '202.54', '443.26', '294.43']"
Screen Shot 2022-03-18 at 10.55.28.png,2560,1600,"['non_flooded', 'non_flooded', 'non_flooded', 'non_flooded', 'non_flooded', 'non_flooded', 'non_flooded', 'non_flooded', 'non_flooded', 'non_flooded', 'non_flooded', 'non_flooded', 'non_flooded', 'non_flooded', 'non_flooded', 'non_flooded', 'non_flooded']","['693.47', '928.18', '1717.75', '1636.97', '1480.62', '1334.69', '962.05', '1126.22', '99.51', '826.55', '1115.80', '1001.14', '863.03', '638.93', '513.84', '0.00', '347.07']","['749.93', '568.05', '450.78', '304.85', '234.50', '179.77', '244.92', '359.58', '164.14', '182.38', '135.47', '67.72', '96.38', '109.41', '85.96', '260.55', '1068.37']","['1075.68', '1246.09', '1939.25', '1936.64', '1759.45', '1540.55', '1204.40', '1376.38', '503.42', '1011.56', '1345.11', '1170.52', '1016.78', '863.03', '727.52', '263.68', '951.63']","['1153.80', '875.54', '638.40', '526.35', '448.18', '375.21', '427.33', '534.17', '388.24', '317.88', '273.58', '231.89', '192.80', '273.58', '265.77', '570.65', '1516.58']"
Screen Shot 2022-03-18 at 10.55.30.png,2560,1600,"['non_flooded', 'non_flooded', 'non_flooded', 'non_flooded', 'non_flooded', 'non_flooded', 'non_flooded', 'non_flooded', 'non_flooded', 'non_flooded', 'non_flooded', 'non_flooded']","['599.84', '891.69', '1685.44', '1491.72', '1310.76', '957.88', '1106.27', '769.68', '1093.60', '29.54', '586.91', '981.40']","['753.06', '573.26', '398.14', '204.53', '112.24', '219.01', '86.91', '139.38', '342.06', '106.81', '81.48', '76.05']","['980.29', '1222.64', '1951.24', '1723.35', '1515.24', '1191.32', '1327.04', '994.07', '1327.04', '405.90', '800.44', '1135.22']","['1143.94', '867.72', '606.61', '398.16', '313.11', '399.97', '255.20', '287.77', '524.84', '361.97', '220.82', '193.67']"
Screen Shot 2022-03-18 at 10.55.33.png,2560,1600,"['non_flooded', 'non_flooded', 'non_flooded', 'non_flooded', 'non_flooded', 'non_flooded', 'non_flooded', 'non_flooded']","['91.91', '628.62', '1046.37', '1832.08', '1533.29', '1287.07', '861.01', '645.22']","['855.76', '581.87', '247.11', '338.41', '161.35', '86.65', '150.28', '83.88']","['819.50', '1123.84', '1347.93', '2155.77', '1807.18', '1574.79', '1181.94', '938.48']","['1489.30', '1032.82', '534.84', '664.86', '385.44', '269.25', '357.78', '260.95']"
Screen Shot 2022-03-18 at 10.57.20.png,2560,1600,"['non_flooded', 'non_flooded', 'non_flooded', 'non_flooded', 'non_flooded', 'non_flooded', 'non_flooded', 'non_flooded', 'non_flooded', 'non_flooded', 'non_flooded', 'non_flooded', 'non_flooded', 'non_flooded']","['602.86', '635.29', '535.23', '771.49', '1106.89', '1110.59', '1153.21', '1110.59', '1116.15', '1197.69', '943.82', '447.21', '225.77', '335.10']","['782.51', '708.39', '876.09', '823.28', '839.96', '756.57', '695.42', '639.83', '567.56', '1029.89', '1121.62', '1107.72', '688.01', '608.33']","['713.02', '758.52', '712.19', '895.64', '1309.80', '1266.25', '1253.28', '1259.76', '1269.03', '1362.61', '1046.57', '720.53', '381.42', '441.65']","['885.36', '805.68', '1021.56', '896.48', '994.69', '854.78', '773.25', '732.48', '656.51', '1168.87', '1220.76', '1222.61', '784.37', '675.96']"
Screen Shot 2022-03-18 at 10.57.22.png,2560,1600,"['non_flooded', 'non_flooded', 'non_flooded', 'non_flooded', 'non_flooded', 'non_flooded', 'non_flooded', 'non_flooded', 'non_flooded', 'non_flooded']","['1079.09', '1067.05', '1099.48', '1030.91', '1049.44', '1158.77', '304.52', '619.54', '447.21', '486.12']","['663.92', '753.79', '831.62', '920.57', '1028.97', '1330.09', '1060.47', '1016.00', '944.65', '823.28']","['1225.48', '1232.89', '1231.97', '1244.94', '1274.59', '1366.31', '566.73', '773.34', '570.43', '651.97']","['763.98', '843.66', '927.98', '1049.35', '1241.14', '1527.44', '1275.42', '1091.05', '1074.37', '969.67']"
Screen Shot 2022-03-18 at 10.57.24.png,2560,1600,"['non_flooded', 'non_flooded', 'non_flooded', 'non_flooded', 'non_flooded', 'non_flooded', 'non_flooded', 'non_flooded', 'non_flooded', 'non_flooded']","['1156.36', '1194.17', '1121.90', '1196.39', '1109.67', '1068.53', '634.92', '232.44', '386.98', '501.50']","['532.19', '564.43', '648.93', '737.87', '840.16', '989.15', '945.79', '982.48', '839.05', '728.98']","['1290.89', '1326.47', '1313.13', '1302.01', '1356.49', '1357.60', '802.80', '559.32', '575.99', '641.59']","['591.11', '666.72', '774.56', '841.27', '1029.17', '1260.43', '1041.40', '1258.21', '1014.72', '863.51']"
Screen Shot 2022-03-18 at 10.57.29.png,2560,1600,"['non_flooded', 'non_flooded', 'non_flooded', 'non_flooded', 'non_flooded', 'non_flooded', 'non_flooded', 'non_flooded', 'non_flooded', 'non_flooded', 'non_flooded', 'non_flooded', 'non_flooded']","['1118.78', '1142.13', '1086.54', '1137.69', '1057.63', '1008.71', '953.12', '480.60', '244.89', '13.63', '455.55', '343.44', '1055.19']","['250.78', '289.70', '398.66', '497.61', '615.46', '814.48', '987.92', '743.32', '641.03', '823.37', '826.15', '486.12', '1300.79']","['1236.64', '1278.89', '1291.12', '1264.43', '1277.78', '1275.55', '1262.21', '677.39', '420.56', '387.21', '542.64', '525.03', '1315.35']","['328.61', '417.56', '535.41', '629.92', '832.27', '999.04', '1118.01', '850.06', '801.14', '1122.45', '913.25', '669.57', '1524.27']"
Screen Shot 2022-03-18 at 10.57.54.png,2560,1600,"['non_flooded', 'non_flooded', 'non_flooded']","['582.65', '1110.61', '1062.19']","['553.37', '341.27', '191.41']","['1417.23', '1414.93', '1500.23']","['1125.13', '608.70', '435.79']"
Screen Shot 2022-03-18 at 10.57.55.png,2560,1600,"['non_flooded', 'non_flooded', 'non_flooded']","['518.10', '1089.86', '1046.05']","['560.29', '355.10', '193.72']","['1389.52', '1417.23', '1495.62']","['1240.40', '624.84', '435.79']"
Screen Shot 2022-03-18 at 10.57.57.png,2560,1600,"['non_flooded', 'non_flooded', 'non_flooded']","['803.98', '836.25', '91.59']","['269.80', '454.24', '804.67']","['1230.49', '1274.29', '1138.27']","['534.93', '843.86', '1517.06']"
